ID; Bundesland; Stationsname; geoBreite; geoLaenge; Höhenlage[m]
3;Nordrhein-Westfalen;Aachen ;50,7827;6,0941;202
216;Nordrhein-Westfalen;Attendorn-Neulisternohl ;51,1143;7,8807;298
326;Nordrhein-Westfalen;Beckum-Unterberg ;51,7204;8,0577;120
389;Nordrhein-Westfalen;Berleburg, Bad-Arfeld ;51,0148;8,4318;436
390;Nordrhein-Westfalen;Berleburg, Bad-Stünzel ;50,9837;8,3683;610
554;Nordrhein-Westfalen;Bocholt-Liedern (Wasserwerk) ;51,8293;6,5365;23
555;Nordrhein-Westfalen;Bochum ;51,4789;7,2697;101
603;Nordrhein-Westfalen;Bonn-Roleber ;50,7349;7,1931;159
613;Nordrhein-Westfalen;Borgentreich ;51,5677;9,2324;206
617;Nordrhein-Westfalen;Borken in Westfalen ;51,873;6,8863;47
644;Nordrhein-Westfalen;Brakel ;51,7049;9,1738;150
796;Nordrhein-Westfalen;Burbach-Würgendorf ;50,7556;8,1257;413
871;Nordrhein-Westfalen;Coesfeld ;51,9618;7,1585;87
902;Nordrhein-Westfalen;Dahlem-Schmidtheim ;50,4115;6,5615;573
934;Nordrhein-Westfalen;Delbrück ;51,7835;8,5658;88
989;Nordrhein-Westfalen;Dinslaken ;51,5765;6,7849;53
1024;Nordrhein-Westfalen;Dormagen-Zons ;51,1157;6,851;37
1046;Nordrhein-Westfalen;Drensteinfurt ;51,7585;7,7528;72
1078;Nordrhein-Westfalen;Düsseldorf ;51,296;6,7686;37
1241;Nordrhein-Westfalen;Enger ;52,15;8,5226;128
1246;Nordrhein-Westfalen;Ennigerloh-Ostenfelde ;51,8418;8,0607;104
1300;Nordrhein-Westfalen;Eslohe ;51,254;8,1565;351
1303;Nordrhein-Westfalen;Essen-Bredeney ;51,4041;6,9677;150
1327;Nordrhein-Westfalen;Weilerswist-Lommersum ;50,7119;6,7905;147
1590;Nordrhein-Westfalen;Geldern-Walbeck ;51,4942;6,2463;37
1595;Nordrhein-Westfalen;Gelsenkirchen-Buer ;51,5762;7,0652;91
1766;Nordrhein-Westfalen;Münster/Osnabrück ;52,1344;7,6969;48
2027;Nordrhein-Westfalen;Harsewinkel ;51,9753;8,2094;63
2110;Nordrhein-Westfalen;Heinsberg-Schleiden ;51,0411;6,1042;57
2254;Nordrhein-Westfalen;Hörstel-Riesenbeck ;52,2396;7,6449;46
2473;Nordrhein-Westfalen;Jülich (Kläranlage) ;50,9316;6,3431;76
2483;Nordrhein-Westfalen;Kahler Asten ;51,1803;8,4891;839
2497;Nordrhein-Westfalen;Kall-Sistig ;50,5014;6,5264;505
2629;Nordrhein-Westfalen;Kleve ;51,7612;6,0954;46
2667;Nordrhein-Westfalen;Köln-Bonn ;50,8646;7,1575;92
2810;Nordrhein-Westfalen;Lage, Kreis Lippe-Hörste ;51,9446;8,7749;150
2947;Nordrhein-Westfalen;Lennestadt-Theten ;51,1333;8,0348;286
2968;Nordrhein-Westfalen;Köln-Stammheim ;50,9894;6,9777;43
2999;Nordrhein-Westfalen;Lienen-Kattenvenne ;52,1211;7,8699;55
3028;Nordrhein-Westfalen;Lippspringe, Bad ;51,7855;8,8388;157
3031;Nordrhein-Westfalen;Lippstadt-Bökenförde ;51,6336;8,3945;92
3081;Nordrhein-Westfalen;Espelkamp-Isenstedt ;52,3452;8,6477;65
3098;Nordrhein-Westfalen;Lüdenscheid ;51,2452;7,6425;387
3215;Nordrhein-Westfalen;Medebach-Berge ;51,1683;8,7125;375
3228;Nordrhein-Westfalen;Meinerzhagen (A) ;51,0976;7,667;506
3321;Nordrhein-Westfalen;Mönchengladbach-Hilderath ;51,1313;6,3609;77
3339;Nordrhein-Westfalen;Monschau-Kalterherberg ;50,5202;6,2083;535
3499;Nordrhein-Westfalen;Neuenrade-Blintrop ;51,2915;7,853;292
3540;Nordrhein-Westfalen;Neunkirchen-Seelscheid-Krawinkel ;50,8446;7,372;195
3591;Nordrhein-Westfalen;Nideggen-Schmidt ;50,6743;6,424;350
3795;Nordrhein-Westfalen;Olfen ;51,7066;7,3564;49
3913;Nordrhein-Westfalen;Petershagen ;52,3817;9,0176;43
4063;Nordrhein-Westfalen;Rahden-Kleinendorf ;52,4461;8,5906;41
4127;Nordrhein-Westfalen;Reichshof-Eckenhagen ;50,9906;7,6958;350
4150;Nordrhein-Westfalen;Reken-Groß Reken ;51,8118;7,0907;59
4154;Nordrhein-Westfalen;Remscheid-Lennep ;51,18;7,2505;345
4313;Nordrhein-Westfalen;Rüthen ;51,4966;8,4342;370
4368;Nordrhein-Westfalen;Salzkotten ;51,7098;8,5796;93
4371;Nordrhein-Westfalen;Salzuflen, Bad ;52,1042;8,7521;135
4400;Nordrhein-Westfalen;Sassendorf, Bad-Beusingsen ;51,5439;8,1808;171
4488;Nordrhein-Westfalen;Schmallenberg-Sellinghausen ;51,2127;8,2672;443
4692;Nordrhein-Westfalen;Siegen (Kläranlage) ;50,8534;7,9966;229
4741;Nordrhein-Westfalen;Solingen-Hohenscheid ;51,1402;7,093;154
4849;Nordrhein-Westfalen;Steinfurt-Burgsteinfurt ;52,1173;7,3411;64
5064;Nordrhein-Westfalen;Tönisvorst ;51,2897;6,4437;37
5347;Nordrhein-Westfalen;Warburg ;51,504;9,1118;236
5360;Nordrhein-Westfalen;Warstein-Hirschberg ;51,4319;8,2665;331
5468;Nordrhein-Westfalen;Wenden-Dörnscheid ;50,9377;7,8475;418
5480;Nordrhein-Westfalen;Werl ;51,5763;7,8879;85
5513;Nordrhein-Westfalen;Westerkappeln ;52,2902;7,8687;92
5619;Nordrhein-Westfalen;Wipperfürth-Gardeweg ;51,1636;7,4234;360
5699;Nordrhein-Westfalen;Wünnenberg-Eilern ;51,5427;8,7784;312
5717;Nordrhein-Westfalen;Wuppertal-Buchenhofen ;51,2256;7,1052;134
5719;Nordrhein-Westfalen;Remscheid ;51,2051;7,2;235
5733;Nordrhein-Westfalen;Xanten ;51,697;6,3974;20
6197;Nordrhein-Westfalen;Lügde-Paenbruch ;51,8664;9,2709;258
6264;Nordrhein-Westfalen;Brilon-Thülen ;51,414;8,65;457
6276;Nordrhein-Westfalen;Fröndenberg-Hohenheide ;51,4895;7,7813;235
6313;Nordrhein-Westfalen;Breckerfeld-Wengeberg ;51,2488;7,4672;440
6337;Nordrhein-Westfalen;Lüdinghausen-Brochtrup ;51,7663;7,5193;59
7106;Nordrhein-Westfalen;Bielefeld-Deppendorf ;52,0714;8,4565;105
7330;Nordrhein-Westfalen;Arnsberg-Neheim ;51,4634;7,978;159
7344;Nordrhein-Westfalen;Nettetal-Hülst ;51,2992;6,2013;45
7374;Nordrhein-Westfalen;Ahaus ;52,0814;6,941;46
7378;Nordrhein-Westfalen;Bedburg-Weiler Hohenholz ;51,0149;6,5173;101
13669;Nordrhein-Westfalen;Ostbevern-Schirlheide ;52,0087;7,852;55
13670;Nordrhein-Westfalen;Duisburg-Baerl ;51,5088;6,7018;24
13671;Nordrhein-Westfalen;Overath-Böke ;50,9655;7,2753;221
13696;Nordrhein-Westfalen;Waltrop-Abdinghof ;51,5966;7,4049;60
13700;Nordrhein-Westfalen;Gevelsberg-Oberbröking ;51,3329;7,3411;205
13713;Nordrhein-Westfalen;Meinerzhagen-Redlendorf ;51,0899;7,629;380
15000;Nordrhein-Westfalen;Aachen-Orsbach ;50,7983;6,0244;231
29;Bayern;Adelsdorf (Kläranlage) ;49,7175;10,9101;260
46;Bayern;Aholfing ;48,945;12,4639;325
73;Bayern;Aldersbach-Kriestorf ;48,6159;13,0506;340
103;Bayern;Hagelstadt ;48,896;12,217;364
118;Bayern;Altendorf ;49,4053;12,2852;391
130;Bayern;Altertheim-Oberaltertheim ;49,7283;9,7692;300
142;Bayern;Altomünster-Maisbrunn ;48,406;11,3117;510
146;Bayern;Altusried-Muthmannshofen ;47,7922;10,0988;730
151;Bayern;Amberg-Unterammersricht ;49,4691;11,8546;383
154;Bayern;Amerang-Pfaffing ;48,0197;12,2924;515
191;Bayern;Arnstein-Müdesheim ;49,9695;9,9113;220
205;Bayern;Aschau-Stein ;47,7274;12,2982;680
217;Bayern;Attenkam ;47,8774;11,3642;672
227;Bayern;Aufseß-Hochstahl ;49,8823;11,2656;432
232;Bayern;Augsburg ;48,4254;10,942;461
240;Bayern;Aura im Sinngrund ;50,1805;9,5743;287
275;Bayern;Balderschwang ;47,465;10,1043;1037
282;Bayern;Bamberg ;49,8742;10,9206;240
320;Bayern;Heinersreuth-Vollhof ;49,9667;11,5197;350
323;Bayern;Bechhofen/Mittelfranken -Voggendorf ;49,1626;10,5918;425
359;Bayern;Beratzhausen ;49,1023;11,7958;463
360;Bayern;Berching ;49,1115;11,4328;403
443;Bayern;Bernbeuren-Prachtsried ;47,7388;10,7448;936
522;Bayern;Bissingen (Kläranlage) ;48,7092;10,6283;425
589;Bayern;Bogen-Pfelling ;48,8848;12,7451;345
653;Bayern;Brannenburg-Degerndorf ;47,7241;12,1091;481
677;Bayern;Breitenbrunn-Fürbuch ;48,1266;10,3649;610
789;Bayern;Bütthard ;49,6064;9,8835;263
801;Bayern;Burgbernheim ;49,4472;10,326;350
807;Bayern;Schlüsselfeld (Kläranlage) ;49,745;10,6434;290
808;Bayern;Mehring, Kr. Altötting-Niederholz ;48,1869;12,8098;411
812;Bayern;Burgkunstadt ;50,1427;11,2322;276
814;Bayern;Pfarrweisach-Lohr (Pegel) ;50,1451;10,7066;270
856;Bayern;Chieming ;47,8843;12,5404;551
857;Bayern;Chiemsee-Herrenchiemsee ;47,8677;12,3949;536
867;Bayern;Lautertal-Oberlauter ;50,3067;10,968;345
885;Bayern;Creußen-Bühl ;49,8449;11,616;450
922;Bayern;Dasing (Kläranlage) ;48,395;11,0594;460
933;Bayern;Deisenhofen, Kreis München ;48,0368;11,5777;585
970;Bayern;Dietenhofen ;49,4158;10,6734;405
983;Bayern;Dillingen/Donau-Fristingen ;48,5562;10,5599;419
985;Bayern;Dinkelsbühl-Oberwinstetten ;49,0504;10,2892;491
1023;Bayern;Dorfen (Kläranlage) ;48,2746;12,1616;430
1094;Bayern;Eberfing ;47,7958;11,1991;611
1103;Bayern;Ebersberg-Halbing ;48,1002;11,9872;592
1107;Bayern;Ebrach ;49,852;10,499;346
1119;Bayern;Edelsfeld ;49,5767;11,6975;535
1132;Bayern;Eggenfelden ;48,3956;12,7287;410
1139;Bayern;Eging am See-Burgstall ;48,6846;13,2512;400
1158;Bayern;Eichendorf ;48,636;12,8531;350
1161;Bayern;Eichstätt-Landershofen ;48,8777;11,2349;384
1237;Bayern;Tacherting-Spreit ;48,0891;12,5071;508
1262;Bayern;München-Flughafen ;48,3477;11,8133;446
1279;Bayern;Möhrendorf-Kleinseebach ;49,6497;11,0074;268
1332;Bayern;Falkenberg,Kr.Rottal-Inn ;48,4832;12,7241;472
1343;Bayern;Feilnbach, Bad ;47,7688;12,0186;530
1357;Bayern;Fichtelberg/Oberfranken-Hüttstadl ;49,9807;11,8376;654
1366;Bayern;Finsing (Kraftwerk) ;48,2213;11,7989;498
1392;Bayern;Flossenbürg ;49,7317;12,3491;622
1458;Bayern;Freihung-Großschönbrunn ;49,5747;11,886;493
1473;Bayern;Freystadt-Oberndorf ;49,178;11,3735;436
1511;Bayern;Marklkofen (Betriebsstelle Vilstalsee) ;48,5587;12,5719;400
1542;Bayern;Gangkofen (Kläranlage) ;48,4327;12,5714;434
1550;Bayern;Garmisch-Partenkirchen ;47,4831;11,0623;719
1578;Bayern;Geisenfeld-Eichelberg ;48,6516;11,5845;395
1587;Bayern;Gelbelsee ;48,9481;11,4289;536
1607;Bayern;Georgensgmünd ;49,194;11,0265;346
1642;Bayern;Gilching ;48,1085;11,2781;550
1689;Bayern;Gößweinstein ;49,7656;11,3061;443
1721;Bayern;Gräfenberg-Kasberg ;49,664;11,2239;506
1735;Bayern;Grainet-Rehberg ;48,7893;13,6291;628
1832;Bayern;Großer Arber ;49,1129;13,1338;1436
1844;Bayern;Feldkirchen-Westerham-Lenzmühle ;47,9411;11,9004;517
1846;Bayern;Pilsting-Bäckermühle ;48,6773;12,6204;344
1851;Bayern;Großostheim ;49,9229;9,0904;110
1886;Bayern;Günzburg ;48,4878;10,2607;444
1900;Bayern;Vilsheim-Münchsdorf ;48,4522;12,1549;450
1938;Bayern;Haimhausen-Ottershausen ;48,3028;11,5318;464
1950;Bayern;Halblech-Trauchgau ;47,6463;10,8073;780
1997;Bayern;Hammelburg ;50,1219;9,9079;220
2023;Bayern;Harburg ;48,7918;10,7062;502
2051;Bayern;Hasloch/Main (Schirrhof) ;49,7845;9,4722;130
2064;Bayern;Haundorf-Obererlbach ;49,184;10,8243;449
2109;Bayern;Heinrichsthal ;50,0664;9,3458;450
2119;Bayern;Helmbrechts ;50,238;11,7033;650
2222;Bayern;Hindelang-Unterjoch (LfW) ;47,5561;10,4274;1015
2261;Bayern;Hof ;50,3122;11,8761;565
2274;Bayern;Hohenberg/Eger ;50,092;12,2132;517
2290;Bayern;Hohenpeißenberg ;47,8009;11,0108;977
2294;Bayern;Hohenthann ;48,6573;12,0888;470
2319;Bayern;Holzkirchen ;47,8823;11,6962;685
2376;Bayern;Büchlberg-Tannöd ;48,6549;13,5078;460
2387;Bayern;Buchloe ;48,0374;10,7409;626
2405;Bayern;Immenstadt-Reute ;47,6078;10,202;960
2409;Bayern;Ingolstadt (Flussmeisterstelle) ;48,7662;11,4539;360
2412;Bayern;Inzell ;47,7614;12,7532;690
2415;Bayern;Irschenberg-Kasthub ;47,8177;11,8678;715
2416;Bayern;Isen-Westach ;48,2022;12,0382;550
2431;Bayern;Itzgrund-Herreth ;50,1338;10,9318;367
2453;Bayern;Jettenbach ;48,178;12,3798;403
2480;Bayern;Kahl/Main ;50,0643;8,993;107
2538;Bayern;Kastl, Kreis Amberg-Sulzbach ;49,3658;11,6925;424
2542;Bayern;Kaufbeuren ;47,8652;10,6007;716
2550;Bayern;Kelheim (Kanalschleuse) ;48,9244;11,85;350
2556;Bayern;Kemnath ;49,8672;11,881;460
2559;Bayern;Kempten ;47,7233;10,3348;705
2597;Bayern;Kissingen, Bad ;50,2241;10,0792;282
2600;Bayern;Kitzingen ;49,7363;10,1781;188
2660;Bayern;Kochel-Einsiedl (Kraftwerk) ;47,5699;11,3006;805
2680;Bayern;Königshofen, Bad ;50,284;10,4456;288
2700;Bayern;Kösching ;48,8302;11,4872;416
2708;Bayern;Kohlgrub, Bad (Rosshof) ;47,6652;11,0804;740
2709;Bayern;Kolitzheim ;49,9164;10,2363;230
2740;Bayern;Kreuth-Glashütte ;47,6105;11,6462;897
2750;Bayern;Kronach ;50,2523;11,3209;312
2759;Bayern;Krün ;47,5037;11,2808;873
2792;Bayern;Diedorf/Schwaben-Biburg ;48,3737;10,7604;498
2860;Bayern;Langenzenn ;49,5075;10,7884;370
2884;Bayern;Lauf/Pegnitz (Kläranlage) ;49,5042;11,2736;310
2885;Bayern;Laufen/Obb.-Lebenau (Haftanstalt) ;47,9522;12,8978;430
3012;Bayern;Lindberg-Buchenau ;49,0315;13,3272;740
3080;Bayern;Ludwigsstadt-Lauenstein ;50,5131;11,3665;520
3121;Bayern;Mähring ;49,9114;12,5276;676
3147;Bayern;Mallersdorf-Pfaffenberg/Niederbayern ;48,7726;12,2177;418
3153;Bayern;Mamming-Schneiderberg ;48,6187;12,6232;447
3179;Bayern;Markt Bibart ;49,666;10,3851;317
3190;Bayern;Marktoberdorf-Sulzschneid ;47,7196;10,6433;790
3192;Bayern;Marktschellenberg ;47,7046;13,0372;501
3207;Bayern;Maßbach ;50,1797;10,272;326
3220;Bayern;Meeder-Ottowind ;50,3564;10,8828;450
3244;Bayern;Memmingen ;47,982;10,1384;615
3258;Bayern;Mering (Bauhof) ;48,2708;10,9768;510
3271;Bayern;Metten ;48,8548;12,9189;313
3293;Bayern;Mindelheim ;48,0649;10,4835;590
3307;Bayern;Mittenwald-Buckelwiesen ;47,4779;11,2653;981
3319;Bayern;Röllbach ;49,7644;9,253;239
3366;Bayern;Mühldorf ;48,2791;12,5024;406
3379;Bayern;München-Stadt ;48,1631;11,5429;515
3429;Bayern;Nabburg (Flussmeisterstelle) ;49,4497;12,1874;366
3435;Bayern;Nandlstadt ;48,5235;11,8398;475
3438;Bayern;Nassenfels ;48,8016;11,2181;401
3485;Bayern;Neuburg/Kammel-Langenhaslach ;48,3115;10,3773;486
3497;Bayern;Ludwigschorgast ;50,1228;11,5597;336
3525;Bayern;Neukirchen bei Heiligen Blut ;49,2584;12,9603;460
3535;Bayern;Neumarkt-Sankt Veit (Kläranlage) ;48,3657;12,5215;440
3536;Bayern;Neumarkt/Oberpfalz ;49,2831;11,4528;420
3560;Bayern;Neustadt, Bad ;50,3039;10,176;230
3571;Bayern;Neustadt am Kulm-Filchendorf ;49,8174;11,8638;452
3572;Bayern;Neustadt bei Coburg (Kläranlage) ;50,3198;11,1104;330
3607;Bayern;Loiching ;48,6106;12,4143;416
3617;Bayern;Nittenau-Harting ;49,1659;12,2788;430
3621;Bayern;Reimlingen ;48,8253;10,5067;435
3667;Bayern;Nürnberg-Netzstall ;49,4258;11,2538;368
3668;Bayern;Nürnberg ;49,503;11,0549;314
3677;Bayern;Oberammergau ;47,6029;11,0607;835
3679;Bayern;Kiefersfelden-Gach ;47,6187;12,1666;518
3681;Bayern;Oberaurach-Fatschenbrunn ;49,9185;10,5963;426
3700;Bayern;Oberleichtersbach-Modlos ;50,2662;9,7728;470
3714;Bayern;Oberreute ;47,5538;9,9407;903
3722;Bayern;Oberschleißheim ;48,2443;11,5528;484
3729;Bayern;Oberstaufen-Thalkirchdorf ;47,5577;10,0938;748
3730;Bayern;Oberstdorf ;47,3986;10,276;806
3739;Bayern;Oberviechtach ;49,4521;12,4366;596
3836;Bayern;Ostheim v.d. Rhön ;50,4538;10,2211;312
3849;Bayern;Ottobeuren ;47,9302;10,3099;665
3857;Bayern;Oy-Mittelberg-Petersthal ;47,6362;10,3892;885
3875;Bayern;Parsberg/Oberpfalz-Eglwang ;49,151;11,6896;549
3886;Bayern;Pegnitz (Kläranlage) ;49,7408;11,5553;420
3919;Bayern;Pfarrkirchen ;48,4252;12,9923;378
3948;Bayern;Plech ;49,649;11,4686;443
3950;Bayern;Pleinfeld-Mandlesmühle ;49,1248;10,9731;380
3960;Bayern;Pocking ;48,3952;13,314;323
3972;Bayern;Polsingen-Döckingen ;48,9343;10,7586;510
3975;Bayern;Pommelsbrunn-Mittelburg ;49,4777;11,5357;522
3999;Bayern;Pressath-Mühlberg ;49,7845;12,0329;595
4000;Bayern;Presseck ;50,2277;11,5486;640
4016;Bayern;Prosselsheim-Seligenstadt ;49,8526;10,1006;284
4065;Bayern;Rain am Lech-Wallerdorf ;48,6192;11,0059;462
4104;Bayern;Regensburg ;49,0424;12,1021;365
4109;Bayern;Rehau ;50,2214;12,0276;587
4159;Bayern;Tagmersheim-Blossenau ;48,8104;10,9359;522
4185;Bayern;Riedenburg ;48,9557;11,7278;363
4218;Bayern;Rodach (Kläranlage) ;50,3313;10,7924;300
4224;Bayern;Roding-Neubäu ;49,2412;12,4124;388
4248;Bayern;Rohr/Mittelfranken-Dechendorf ;49,3082;10,9183;402
4251;Bayern;Oberstdorf-Rohrmoos ;47,4069;10,1676;1067
4261;Bayern;Rosenheim ;47,8754;12,128;444
4280;Bayern;Roth ;49,2164;11,1036;386
4287;Bayern;Rothenburg ob der Tauber ;49,3848;10,1732;415
4303;Bayern;Ruderting ;48,6532;13,4233;395
4354;Bayern;Saldenburg-Entschenreuth ;48,7832;13,3146;456
4374;Bayern;Samerberg-Geisenkam ;47,7774;12,2102;687
4377;Bayern;Sandberg ;50,3517;10,0034;510
4387;Bayern;Sankt Englmar ;49,0029;12,8237;810
4413;Bayern;Schäftlarn-Kloster Schäftlarn ;47,9767;11,4693;557
4441;Bayern;Scheyern ;48,5025;11,4543;481
4493;Bayern;Schmidgaden ;49,4117;12,076;416
4494;Bayern;Schmidmühlen ;49,2806;11,914;453
4546;Bayern;Schönsee-Dietersdorf ;49,5272;12,5703;685
4548;Bayern;Selb/Oberfranken-Lauterbach ;50,2046;12,1435;609
4559;Bayern;Schorndorf-Knöbling ;49,1643;12,6175;399
4567;Bayern;Schrobenhausen ;48,5539;11,2847;414
4579;Bayern;Schwabmünchen ;48,2008;10,7293;538
4592;Bayern;Schwandorf ;49,3278;12,087;356
4599;Bayern;Wendelstein-Kleinschwarzenlohe ;49,3425;11,1077;331
4603;Bayern;Schwarzach/Main (Klärwerk) ;49,7975;10,2191;188
4617;Bayern;Obere Firstalm/Schlierseer Berge ;47,6699;11,8544;1369
4641;Bayern;Seeg (Kläranlage) ;47,6711;10,6271;802
4694;Bayern;Siegenburg (Kläranlage) ;48,7629;11,843;380
4704;Bayern;Sigmarszell-Zeisertsweiler ;47,5776;9,7404;507
4706;Bayern;Simbach/Inn ;48,2719;13,0273;360
4755;Bayern;Sonnen ;48,6819;13,7351;847
4760;Bayern;Sonthofen (Flussmeisterstelle) ;47,5219;10,2613;730
4801;Bayern;Stadelhofen ;50,007;11,2052;460
4816;Bayern;Stallwang ;49,0568;12,6395;390
4818;Bayern;Stammbach-Querenbach ;50,1531;11,7403;598
4827;Bayern;Grassau ;47,7941;12,486;540
4850;Bayern;Steingaden-Lauterbach ;47,7112;10,8758;782
4858;Bayern;Steinkirchen-Hofstarring ;48,3781;12,0939;485
4911;Bayern;Straubing ;48,8275;12,5598;350
4946;Bayern;Schweitenkirchen-Sünzhausen ;48,5151;11,6542;499
4958;Bayern;Sulzdorf an der Lederhecke ;50,2419;10,567;332
5000;Bayern;Teisendorf ;47,8527;12,8281;496
5002;Bayern;Teisnach ;49,0426;12,9942;400
5013;Bayern;Teublitz (Kläranlage) ;49,2222;12,0768;350
5017;Bayern;Teuschnitz ;50,4002;11,3889;633
5023;Bayern;Thalmässing ;49,0871;11,2236;417
5034;Bayern;Thurnau-Tannfeld ;49,9842;11,4008;513
5036;Bayern;Treffelstein-Witzelsmühle ;49,4038;12,6062;470
5046;Bayern;Tirschenreuth-Lodermühl ;49,8576;12,3542;500
5055;Bayern;Tittmoning ;48,0649;12,7645;382
5111;Bayern;Trostberg ;48,0311;12,5396;559
5123;Bayern;Tüßling ;48,208;12,6296;417
5149;Bayern;Gollhofen ;49,5741;10,1916;308
5161;Bayern;Untergriesbach-Glotzing ;48,5598;13,7494;575
5162;Bayern;Untergriesbach-Schaibing ;48,5996;13,6458;495
5169;Bayern;Kraftisried ;47,7674;10,4605;831
5171;Bayern;Unterwössen-Hinterwössen ;47,7105;12,4652;647
5187;Bayern;Utting-Achselschwang ;48,0347;11,0527;591
5227;Bayern;Vilgertshofen-Pflugdorf ;47,9688;10,9156;685
5230;Bayern;Vilsbiburg ;48,4527;12,3382;461
5262;Bayern;Waakirchen-Demmelberg ;47,7564;11,6928;815
5276;Bayern;Waging am See ;47,9237;12,7558;475
5285;Bayern;Waidhaus-Pfrentsch ;49,618;12,4895;499
5303;Bayern;Waldershof-Schafbruck ;49,936;12,0935;723
5374;Bayern;Wassertrüdingen (Kläranlage) ;49,034;10,6031;420
5397;Bayern;Weiden ;49,6663;12,1845;440
5401;Bayern;Weiding, Kreis Cham-Dalking ;49,2717;12,7451;425
5404;Bayern;Weihenstephan-Dürnast ;48,4025;11,6946;477
5405;Bayern;Weihenzell-Grüb ;49,3376;10,606;474
5440;Bayern;Weißenburg-Emetzheim ;49,0116;10,9308;439
5444;Bayern;Weißenhorn-Oberreichenbach ;48,3091;10,2048;500
5470;Bayern;Fahrenzhausen ;48,363;11,5636;458
5501;Bayern;Wertingen ;48,5701;10,6976;415
5538;Bayern;Wielenbach (Demollstr.) ;47,8827;11,1576;550
5548;Bayern;Wiesenfelden-Utzenzell ;49,0321;12,5504;680
5573;Bayern;Wilhelmsdorf/Mittelfranken ;49,5664;10,7404;358
5600;Bayern;Windsheim, Bad ;49,5141;10,4231;310
5705;Bayern;Würzburg ;49,7703;9,9577;268
5721;Bayern;Wurmannsquick-Egelsberg ;48,3569;12,7678;475
5793;Bayern;Zusmarshausen ;48,4217;10,5945;443
5800;Bayern;Zwiesel ;49,028;13,2385;615
5856;Bayern;Fürstenzell ;48,5451;13,3531;476
5941;Bayern;Reit im Winkl ;47,6754;12,4698;685
6158;Bayern;Weidenbach-Weiherschneidbach ;49,2247;10,6084;455
6161;Bayern;Osterhofen-Thundorf ;48,7576;13,0131;310
6169;Bayern;Steingaden-Riesen ;47,761;10,8601;761
6178;Bayern;Creußen-Unterschwarzach ;49,8572;11,6978;427
6182;Bayern;Mallersdorf-Pfaffenberg ;48,7757;12,1743;404
6190;Bayern;Berchtesgaden ;47,6392;13,0068;600
6191;Bayern;Kirchberg/Niederbayern -Zell ;48,9023;13,1442;683
6195;Bayern;Scheßlitz-Köttensdorf ;49,9561;11,019;304
6200;Bayern;Königsberg/Bayern-Holzhausen ;50,0786;10,4887;259
6201;Bayern;Simmershofen-Adelhofen ;49,5336;10,1549;337
6203;Bayern;Ramsau-Schwarzeck/Schmuck ;47,628;12,9015;1088
6215;Bayern;Lam-Lambach ;49,2154;13,0662;692
6216;Bayern;Trausnitz-Reisach ;49,5322;12,2799;465
6257;Bayern;Jachenau-Tannern ;47,6279;11,5166;720
6312;Bayern;Markt Erlbach-Mosbach ;49,5314;10,6418;362
6336;Bayern;Lohr/Main-Halsbach ;50,0132;9,654;285
6338;Bayern;Steben, Bad ;50,3618;11,6223;608
6346;Bayern;Maisach-Galgen ;48,207;11,2035;530
6347;Bayern;Schonungen-Mainberg ;50,0579;10,2972;304
7075;Bayern;Elsendorf-Horneck ;48,702;11,8493;425
7105;Bayern;Siegsdorf-Höll ;47,835;12,6548;721
7319;Bayern;Donauwörth-Osterweiler ;48,7374;10,7393;435
7325;Bayern;Schneefernerhaus ;47,4167;10,9794;2650
7350;Bayern;Prackenbach-Neuhäusl ;49,1088;12,8231;588
7369;Bayern;Feuchtwangen-Heilbronn ;49,1623;10,3662;475
7370;Bayern;Waldmünchen ;49,3909;12,6838;499
7394;Bayern;Wunsiedel-Schönbrunn ;50,0315;11,9745;622
7395;Bayern;Gottfrieding ;48,6596;12,5388;350
7412;Bayern;Neuhütten/Spessart ;50,0083;9,4239;340
7424;Bayern;Piding ;47,7724;12,9073;458
7430;Bayern;Rentweinsdorf-Treinfeld ;50,0614;10,8129;258
7431;Bayern;Oberhaching-Laufzorn ;48,013;11,5524;604
13710;Bayern;Landshut-Reithof ;48,5734;12,2576;490
15555;Bayern;Kaufbeuren-Oberbeuren ;47,8761;10,5848;816
399;Berlin;Berlin-Alexanderplatz ;52,5198;13,4057;36
400;Berlin;Berlin-Buch ;52,6309;13,5022;60
410;Berlin;Berlin-Kaniswall ;52,404;13,7309;33
420;Berlin;Berlin-Marzahn ;52,5447;13,5598;60
430;Berlin;Berlin-Tegel ;52,5644;13,3088;36
433;Berlin;Berlin-Tempelhof ;52,4675;13,4021;48
53;Brandenburg;Ahrensfelde ;52,585;13,5634;60
164;Brandenburg;Angermünde ;53,0316;13,9908;54
303;Brandenburg;Baruth ;52,0614;13,4996;55
427;Brandenburg;Berlin-Schönefeld ;52,3807;13,5306;46
504;Brandenburg;Bischdorf, Kreis Oberspreewald ;51,7981;13,9718;78
714;Brandenburg;Neu Madlitz ;52,3653;14,2474;46
735;Brandenburg;Brück-Gömnigk ;52,1692;12,7334;52
880;Brandenburg;Cottbus ;51,776;14,3168;69
1001;Brandenburg;Doberlug-Kirchhain ;51,6451;13,5747;97
1210;Brandenburg;Elsterwerda ;51,4505;13,5046;90
1350;Brandenburg;Felgentreu ;52,0997;13,0016;48
1497;Brandenburg;Friedrichswalde ;53,0238;13,7088;75
1744;Brandenburg;Graustein ;51,5718;14,4764;139
1801;Brandenburg;Groß Kreutz ;52,4042;12,7923;31
1810;Brandenburg;Schorfheide-Groß Schönebeck ;52,9094;13,5371;56
1869;Brandenburg;Grünow ;53,3153;13,9338;56
2278;Brandenburg;Hohenbucko ;51,764;13,47;131
2438;Brandenburg;Uckerland-Karlstein ;53,4277;13,8167;40
2531;Brandenburg;Karstädt/Prignitz ;53,1724;11,7491;32
2625;Brandenburg;Kleßen ;52,739;12,4984;38
2627;Brandenburg;Klettwitz ;51,5555;13,8845;128
2733;Brandenburg;Kremmen-Groß Ziethen ;52,7277;13,0121;46
2779;Brandenburg;Kuhbier ;53,1486;12,0851;63
2794;Brandenburg;Kyritz ;52,9363;12,4093;40
2856;Brandenburg;Langenlipsdorf ;51,9173;13,0878;91
2951;Brandenburg;Lenzen/Elbe ;53,1007;11,4864;20
2997;Brandenburg;Lieberose ;51,9861;14,3044;47
3015;Brandenburg;Lindenberg ;52,2085;14,118;98
3083;Brandenburg;Lübben-Blumenfelde ;51,9267;13,8797;57
3158;Brandenburg;Manschnow ;52,5468;14,5452;12
3205;Brandenburg;Marwitz (Wasserwerk) ;52,6579;13,179;33
3280;Brandenburg;Meyenburg ;53,3083;12,2937;98
3308;Brandenburg;Mittenwalde/Uckermark ;53,1846;13,6546;72
3376;Brandenburg;Müncheberg ;52,5176;14,1232;63
3473;Brandenburg;Neuruppin-Gühlen Glienicke ;53,0528;12,7562;89
3509;Brandenburg;Menz ;53,102;13,0421;77
3552;Brandenburg;Neuruppin ;52,9037;12,8072;38
3881;Brandenburg;Passow ;53,142;14,1075;12
3906;Brandenburg;Perleberg ;53,0952;11,8603;40
3967;Brandenburg;Pohlitz ;52,1836;14,5748;70
3987;Brandenburg;Potsdam ;52,3813;13,0622;81
4566;Brandenburg;Schrepkow ;52,9738;12,1115;46
4637;Brandenburg;Staaken ;52,5404;13,1243;31
4912;Brandenburg;Strausberg ;52,5884;13,9289;81
4984;Brandenburg;Hohenreinkendorf ;53,2252;14,33;46
5546;Brandenburg;Wiesenburg ;52,1207;12,4585;187
5555;Brandenburg;Thyrow ;52,2534;13,2361;43
5643;Brandenburg;Wittstock-Rote Mühle ;53,1864;12,4949;66
5684;Brandenburg;Wollin ;52,2813;12,458;40
5729;Brandenburg;Wustrow ;52,7605;14,2173;6
5745;Brandenburg;Zehdenick ;52,9664;13,3268;51
5825;Brandenburg;Berge ;52,6198;12,7867;40
6170;Brandenburg;Coschen ;52,0192;14,7254;40
6265;Brandenburg;Wusterwitz ;52,3613;12,3867;36
7079;Brandenburg;Berkholz-Meyenburg ;53,0443;14,2423;14
7389;Brandenburg;Heckelberg ;52,7461;13,8427;82
13662;Brandenburg;Boecke ;52,3031;12,4029;37
13712;Brandenburg;Münchehofe ;52,1488;13,8359;44
14138;Brandenburg;Falkenberg (Grenzschichtmessfeld) ;52,1655;14,1224;73
691;Bremen;Bremen ;53,045;8,7979;4
701;Bremen;Bremerhaven ;53,5332;8,5761;7
1975;Hamburg;Hamburg-Fuhlsbüttel ;53,6332;9,9881;11
1981;Hamburg;Hamburg-Neuwiedenthal ;53,4777;9,8957;3
91;Hessen;Alsfeld-Eifa ;50,7446;9,345;300
158;Hessen;Amöneburg-Rüdigheim ;50,784;8,9545;210
194;Hessen;Arolsen-Landau, Bad ;51,3431;9,0763;265
211;Hessen;Aßlar Klein-Altenstädten ;50,58;8,4685;200
310;Hessen;Battenberg-Hof Karlsburg ;51,0662;8,5375;590
330;Hessen;Oberzent-Beerfelden ;49,5617;8,9673;450
479;Hessen;Wächtersbach ;50,2435;9,2893;138
817;Hessen;Burgwald-Bottendorf ;51,0306;8,8146;293
837;Hessen;Camberg, Bad ;50,2863;8,2949;244
917;Hessen;Darmstadt ;49,8809;8,6779;162
961;Hessen;Diemelstadt-Rhoden ;51,4743;9,0039;258
977;Hessen;Dietzhölztal-Mandeln ;50,8541;8,3416;377
979;Hessen;Dillenburg ;50,7364;8,2672;314
1055;Hessen;Driedorf ;50,6316;8,1813;482
1297;Hessen;Eschwege ;51,2041;10,0138;156
1420;Hessen;Frankfurt/Main ;50,0259;8,5213;100
1424;Hessen;Frankfurt/Main-Westend ;50,1269;8,6694;124
1526;Hessen;Fulda-Horas ;50,5668;9,6533;242
1561;Hessen;Gedern-Schönhausen ;50,404;9,2075;407
1580;Hessen;Geisenheim ;49,9859;7,9549;110
1639;Hessen;Gießen/Wettenberg ;50,6017;8,6439;203
1645;Hessen;Gilserberg-Moischeid ;50,9656;9,05;340
1750;Hessen;Grebenstein ;51,4498;9,4131;190
1814;Hessen;Groß-Gerau-Wallerstädten ;49,9052;8,4459;87
1830;Hessen;Großenlüder-Kleinlüder ;50,5455;9,5175;270
1863;Hessen;Gründau-Breitenborn ;50,2667;9,1854;258
2066;Hessen;Haunetal-Wehrda ;50,7383;9,6608;257
2152;Hessen;Herleshausen-Archfeld ;51,0423;10,1469;380
2171;Hessen;Hersfeld, Bad ;50,8519;9,7378;272
2184;Hessen;Hessisch Lichtenau-Fürstenhagen ;51,2142;9,6919;340
2293;Hessen;Hohenstein-Breithardt ;50,1919;8,088;315
2329;Hessen;Homburg, Bad (Filterwerk) ;50,2446;8,5725;255
2532;Hessen;Kassel ;51,2963;9,4424;231
2601;Hessen;Kleiner Feldberg/Taunus ;50,2218;8,4469;826
2718;Hessen;Korbach-Rhena ;51,288;8,7928;458
2843;Hessen;Langen (BZ) ;50,0075;8,6547;125
2900;Hessen;Lautertal/Odenwald-Reichenbach ;49,709;8,6908;208
2988;Hessen;Liebenau-Haueda ;51,4881;9,25;162
3042;Hessen;Löhnberg-Obershausen ;50,5617;8,2386;230
3136;Hessen;Mühlheim/Main ;50,1294;8,8209;102
3164;Hessen;Cölbe, Kr. Marburg-Biedenkopf ;50,8492;8,7746;187
3284;Hessen;Michelstadt ;49,6691;9,0085;240
3287;Hessen;Michelstadt-Vielbrunn ;49,7176;9,0997;453
3413;Hessen;Münzenberg-Gambach ;50,4522;8,7317;155
3442;Hessen;Nauheim, Bad ;50,3574;8,7506;149
3443;Hessen;Naumburg-Altenstädt ;51,2748;9,1975;304
3527;Hessen;Neukirchen-Hauptschwenda ;50,8923;9,405;500
3589;Hessen;Nidderau-Erbstadt ;50,2741;8,8653;162
3775;Hessen;Offenbach/Main (Zentrallabor) ;50,1029;8,7468;100
3911;Hessen;Petersberg-Marbach ;50,6175;9,725;305
4090;Hessen;Raunheim ;50,0056;8,4291;89
4132;Hessen;Reinhardshagen-Vaake ;51,4841;9,6121;115
4134;Hessen;Reinheim ;49,8244;8,8237;165
4230;Hessen;Rödermark-Ober-Roden ;49,9832;8,8395;137
4308;Hessen;Rüdesheim-Presberg ;50,0517;7,8876;403
4411;Hessen;Schaafheim-Schlierbach ;49,9195;8,9671;155
4480;Hessen;Schlüchtern-Herolz ;50,3447;9,5534;230
4560;Hessen;Schotten ;50,4925;9,1226;265
4763;Hessen;Sontra ;51,0607;9,9266;265
4978;Hessen;Tann/Rhön ;50,639;10,0228;395
5086;Hessen;Trendelburg ;51,5776;9,4335;133
5133;Hessen;Twistetal-Mühlhausen ;51,3344;8,9132;295
5225;Hessen;Vilbel, Bad-Dortelweil ;50,2135;8,7453;125
5240;Hessen;Vöhl-Buchenberg ;51,1598;8,874;380
5263;Hessen;Wabern-Hebel ;51,067;9,3821;203
5279;Hessen;Wahlsburg-Lippoldsberg ;51,6194;9,5749;176
5294;Hessen;Waldbrunn-Lahr ;50,5121;8,1326;280
5297;Hessen;Waldeck-Alraft ;51,2428;8,9714;300
5300;Hessen;Waldems-Reinborn ;50,2596;8,3607;380
5371;Hessen;Wasserkuppe ;50,4973;9,9428;921
5416;Hessen;Weilmünster ;50,4284;8,3806;183
5524;Hessen;Wetter/Hessen-Amönau ;50,9087;8,6929;227
5541;Hessen;Wiesbaden-Auringen ;50,132;8,317;263
5542;Hessen;Wiesbaden-Biebrich ;50,0421;8,2331;90
5646;Hessen;Witzenhausen-Ziegenhagen ;51,3645;9,749;220
6185;Hessen;Birkenau-Löhrbach ;49,5475;8,7757;503
6303;Hessen;Willingen/Hochsauerland ;51,2915;8,5982;584
6344;Hessen;Runkel-Ennerich ;50,394;8,1423;168
7341;Hessen;Offenbach-Wetterpark ;50,09;8,7862;119
7396;Hessen;Hoherodskopf/Vogelsberg ;50,5084;9,2247;743
7410;Hessen;Neu-Ulrichstein ;50,7513;9,0224;350
14157;Hessen;Birkenau ;49,5686;8,7013;168
15207;Hessen;Schauenburg-Elgershausen ;51,2835;9,359;317
15490;Hessen;Eschenburg-Eibelshausen ;50,8053;8,3382;298
167;Mecklenburg-Vorpommern;Anklam ;53,8412;13,6846;9
183;Mecklenburg-Vorpommern;Arkona ;54,6792;13,4343;42
298;Mecklenburg-Vorpommern;Barth ;54,3406;12,7108;3
312;Mecklenburg-Vorpommern;Baumgarten ;53,8149;11,8818;52
591;Mecklenburg-Vorpommern;Boizenburg ;53,3911;10,6878;45
596;Mecklenburg-Vorpommern;Boltenhagen ;54,0028;11,1908;15
839;Mecklenburg-Vorpommern;Carlow ;53,7575;10,9288;27
1495;Mecklenburg-Vorpommern;Goldenbow ;53,5389;11,7607;52
1669;Mecklenburg-Vorpommern;Borrentin-Wolkwitz ;53,808;12,9608;43
1694;Mecklenburg-Vorpommern;Goldberg ;53,606;12,1033;58
1717;Mecklenburg-Vorpommern;Grabow (Kläranlage Fahlenkamp) ;53,2651;11,5042;28
1757;Mecklenburg-Vorpommern;Greifswald ;54,0967;13,4056;2
1759;Mecklenburg-Vorpommern;Greifswalder Oie ;54,2437;13,9102;12
1769;Mecklenburg-Vorpommern;Grevesmühlen ;53,8312;11,1713;25
1803;Mecklenburg-Vorpommern;Groß Lüsewitz ;54,0714;12,3238;34
1888;Mecklenburg-Vorpommern;Parum ;53,8119;12,114;10
2201;Mecklenburg-Vorpommern;Hiddensee-Vitte ;54,575;13,1044;1
2272;Mecklenburg-Vorpommern;Ventschow ;53,7784;11,5595;43
2518;Mecklenburg-Vorpommern;Groß Kiesow-Schlagtow ;54,0117;13,4999;34
2578;Mecklenburg-Vorpommern;Kirchdorf/Poel ;53,9995;11,4341;12
2749;Mecklenburg-Vorpommern;Gersdorf ;54,0805;11,7425;52
3146;Mecklenburg-Vorpommern;Malk Göhren ;53,2141;11,3686;31
3148;Mecklenburg-Vorpommern;Malliß ;53,2113;11,3247;40
3196;Mecklenburg-Vorpommern;Marnitz ;53,3223;11,9319;81
3238;Mecklenburg-Vorpommern;Dewichow ;53,9497;13,9742;2
3297;Mecklenburg-Vorpommern;Krümmel ;53,2681;12,7221;64
3564;Mecklenburg-Vorpommern;Neustadt-Glewe-Friedrichsmoor ;53,4571;11,5687;35
3880;Mecklenburg-Vorpommern;Tüzen ;53,9465;11,7566;88
3945;Mecklenburg-Vorpommern;Plau am See ;53,4585;12,2417;66
3965;Mecklenburg-Vorpommern;Süderholz-Neuendorf ;54,1034;13,1533;5
4024;Mecklenburg-Vorpommern;Putbus ;54,3643;13,4771;40
4080;Mecklenburg-Vorpommern;Rathebur ;53,7409;13,7906;10
4101;Mecklenburg-Vorpommern;Redefin ;53,3469;11,1992;16
4271;Mecklenburg-Vorpommern;Rostock-Warnemünde ;54,1803;12,0808;4
4282;Mecklenburg-Vorpommern;Rothemühl ;53,5954;13,8121;23
4290;Mecklenburg-Vorpommern;Rothenklempenow ;53,5169;14,2044;14
4352;Mecklenburg-Vorpommern;Sagard ;54,516;13,5313;5
4625;Mecklenburg-Vorpommern;Schwerin ;53,6425;11,3872;59
5009;Mecklenburg-Vorpommern;Teterow ;53,761;12,5574;38
5097;Mecklenburg-Vorpommern;Tribsees ;54,0661;12,7675;10
5109;Mecklenburg-Vorpommern;Trollenhagen ;53,5997;13,3039;69
5142;Mecklenburg-Vorpommern;Ueckermünde ;53,7444;14,0697;1
5349;Mecklenburg-Vorpommern;Waren (Müritz) ;53,5196;12,6654;73
5854;Mecklenburg-Vorpommern;Friedland ;53,6557;13,5369;22
6109;Mecklenburg-Vorpommern;Grambow-Schwennenz ;53,3837;14,3728;50
6199;Mecklenburg-Vorpommern;Steinhagen-Negast ;54,2484;13,0418;16
6310;Mecklenburg-Vorpommern;Karlshagen ;54,1049;13,8239;1
7077;Mecklenburg-Vorpommern;Groß Lukow ;53,5255;13,0161;54
7078;Mecklenburg-Vorpommern;Dodow ;53,5035;11,0014;34
7351;Mecklenburg-Vorpommern;Feldberg/Mecklenburg ;53,3175;13,4175;116
15003;Mecklenburg-Vorpommern;Schmarsow ;53,8753;13,2101;20
44;Niedersachsen;Großenkneten ;52,9336;8,237;44
78;Niedersachsen;Alfhausen ;52,4853;7,9126;65
152;Niedersachsen;Amelinghausen ;53,1268;10,2184;57
292;Niedersachsen;Barnstorf ;52,6965;8,487;37
294;Niedersachsen;Barsinghausen-Hohenbostel ;52,3199;9,43;110
342;Niedersachsen;Belm ;52,317;8,1694;103
357;Niedersachsen;Bentheim, Bad ;52,3018;7,1301;50
378;Niedersachsen;Berka ;51,6843;10,1077;136
542;Niedersachsen;Bleckede-Walmsburg ;53,2401;10,8522;12
561;Niedersachsen;Bockhorn-Grabstede ;53,367;7,9679;11
567;Niedersachsen;Bodenfelde-Amelith ;51,6957;9,5135;258
656;Niedersachsen;Braunlage ;51,7234;10,6021;607
662;Niedersachsen;Braunschweig ;52,2915;10,4464;81
704;Niedersachsen;Bremervörde ;53,4451;9,139;11
760;Niedersachsen;Rosengarten-Klecken ;53,3629;9,9435;82
848;Niedersachsen;Celle (Stadt) ;52,6146;10,0726;38
863;Niedersachsen;Clausthal-Zellerfeld ;51,7904;10,347;585
891;Niedersachsen;Cuxhaven ;53,8713;8,7058;5
963;Niedersachsen;Diepholz ;52,5881;8,3424;38
988;Niedersachsen;Dinklage ;52,6746;8,1135;25
1014;Niedersachsen;Dollart-Kanalpolder ;53,2289;7,2191;2
1030;Niedersachsen;Dornum ;53,646;7,4302;1
1039;Niedersachsen;Dransfeld-Ossenfeld ;51,5263;9,7978;317
1056;Niedersachsen;Drochtersen ;53,7118;9,3791;1
1095;Niedersachsen;Seeburg ;51,5642;10,1522;160
1170;Niedersachsen;Eimen-Vorwohle ;51,8873;9,728;265
1223;Niedersachsen;Ringe-Großringe ;52,5983;6,9449;13
1278;Niedersachsen;Cremlingen-Destedt ;52,2449;10,7182;160
1304;Niedersachsen;Essen-Brockhausen, Bad ;52,3345;8,3877;48
1336;Niedersachsen;Fallingbostel, Bad ;52,8568;9,6756;70
1451;Niedersachsen;Freiburg/Elbe ;53,8277;9,2493;2
1503;Niedersachsen;Friesoythe-Altenoythe ;53,0643;7,9022;6
1691;Niedersachsen;Göttingen ;51,5002;9,9507;167
1792;Niedersachsen;Groß Berßen ;52,7553;7,4815;27
2011;Niedersachsen;Hannover-Herrenhausen ;52,3965;9,6629;50
2012;Niedersachsen;Hannover-Kirchrode ;52,3671;9,819;57
2014;Niedersachsen;Hannover ;52,4644;9,6779;55
2039;Niedersachsen;Harzburg, Bad ;51,9002;10,5699;201
2174;Niedersachsen;Herzberg ;51,6255;10,3695;238
2175;Niedersachsen;Herzberg-Lonau ;51,689;10,357;340
2323;Niedersachsen;Bevern, Kr. Holzminden ;51,8529;9,4953;110
2355;Niedersachsen;Hude/Oldenburg ;53,1228;8,4205;4
2465;Niedersachsen;Jork-Moorende ;53,5083;9,7376;1
2577;Niedersachsen;Kirchdorf, Kreis Diepholz ;52,6007;8,8522;34
2689;Niedersachsen;Königsmoor ;53,2279;9,6527;40
2763;Niedersachsen;Norden-Leybuchtpolder ;53,5039;7,1217;1
2822;Niedersachsen;Lamstedt ;53,6369;9,0979;25
2839;Niedersachsen;Langelsheim-Astfeld ;51,9262;10,3461;210
2844;Niedersachsen;Langen-Holßel, Kreis Cuxhaven ;53,6956;8,6291;13
2890;Niedersachsen;Lauterberg,Bad-Bartolfelde ;51,5957;10,463;305
3023;Niedersachsen;Lingen ;52,5181;7,3081;22
3044;Niedersachsen;Löningen ;52,7198;7,7472;22
3093;Niedersachsen;Lüchow ;52,9724;11,1374;16
3342;Niedersachsen;Moormerland-Neermoor ;53,311;7,4329;0
3348;Niedersachsen;Moringen-Lutterbeck ;51,7209;9,8352;240
3558;Niedersachsen;Neustadt am Rübenberge ;52,5;9,4941;41
3612;Niedersachsen;Nienburg ;52,6711;9,2229;25
3631;Niedersachsen;Norderney ;53,7123;7,1519;12
3650;Niedersachsen;Northeim-Imbshausen ;51,763;10,0416;212
3791;Niedersachsen;Oldenburg ;53,1763;8,1824;11
3815;Niedersachsen;Osnabrück ;52,2553;8,0534;95
3820;Niedersachsen;Ostercappeln-Schwagstorf ;52,3657;8,2013;52
3844;Niedersachsen;Ottenstein ;51,9473;9,3999;295
3848;Niedersachsen;Ottersberg-Otterstedt ;53,1403;9,1517;17
3853;Niedersachsen;Ovelgönne ;53,3819;8,4493;2
4078;Niedersachsen;Rastede ;53,2427;8,2237;16
4112;Niedersachsen;Rehburg-Loccum ;52,4396;9,1335;60
4275;Niedersachsen;Rotenburg (Wümme) ;53,1288;9,3398;32
4288;Niedersachsen;Rothenfelde, Bad ;52,1038;8,1808;95
4367;Niedersachsen;Salzhemmendorf-Lauenstein ;52,0781;9,552;175
4594;Niedersachsen;Schwanewede-Neuenkirchen ;53,2338;8,5115;1
4600;Niedersachsen;Schwarme ;52,9081;9,0453;12
4601;Niedersachsen;Essel ;52,6797;9,6524;28
4651;Niedersachsen;Seesen ;51,904;10,1885;186
4683;Niedersachsen;Fürstenau ;52,516;7,6762;46
4745;Niedersachsen;Soltau ;52,9604;9,793;75
4790;Niedersachsen;Springe ;52,2054;9,5668;98
4803;Niedersachsen;Butjadingen-Inte ;53,4926;8,3768;1
4841;Niedersachsen;Steinau, Kr. Cuxhaven ;53,6946;8,8735;1
4857;Niedersachsen;Mittelnkirchen-Hohenfelde ;53,5534;9,6097;1
4883;Niedersachsen;Frankenfeld-Hedern ;52,7659;9,4046;18
4920;Niedersachsen;Beverstedt ;53,4252;8,804;3
5014;Niedersachsen;Worpswede-Hüttenbusch ;53,2758;8,9857;7
5132;Niedersachsen;Twist-Hebelermeer ;52,7432;7,075;19
5146;Niedersachsen;Uelzen ;52,9414;10,5289;50
5148;Niedersachsen;Uetze ;52,4588;10,1888;60
5209;Niedersachsen;Verden-Dauelsen ;52,9586;9,2269;21
5382;Niedersachsen;Wedemark-Elze ;52,5883;9,7386;39
5518;Niedersachsen;Westerstede ;53,2504;7,935;7
5676;Niedersachsen;Wolfsburg (Südwest) ;52,3962;10,6892;82
5762;Niedersachsen;Zernien ;53,0704;10,8831;83
5767;Niedersachsen;Heeslingen-Wiersdorf ;53,2989;9,3352;27
5822;Niedersachsen;Bassum ;52,863;8,6988;40
5839;Niedersachsen;Emden ;53,3881;7,2287;0
6093;Niedersachsen;Wendisch Evern ;53,2139;10,4704;62
6157;Niedersachsen;Wangerland-Hooksiel ;53,641;8,0808;8
6159;Niedersachsen;Dörpen ;52,9542;7,3196;8
7099;Niedersachsen;Liebenburg-Othfresen ;52,0111;10,3966;187
7361;Niedersachsen;Scharnhorst-Marwede ;52,7363;10,344;72
7367;Niedersachsen;Alfeld ;51,9643;9,8072;144
7373;Niedersachsen;Borkum-Flugplatz ;53,5984;6,7024;3
7425;Niedersachsen;Rinteln-Volksen ;52,1384;9,1119;212
7432;Niedersachsen;Wittingen-Vorhop ;52,6423;10,6627;72
13675;Niedersachsen;Hameln-Hastenbeck ;52,0818;9,4077;77
13699;Niedersachsen;Lehrte-Sievershausen ;52,3667;10,1266;66
13776;Niedersachsen;Hildesheim-Drispenstedt ;52,1789;9,9524;85
13777;Niedersachsen;Helmstedt-Emmerstedt ;52,2467;10,9592;110
15512;Niedersachsen;Rehlingen-Ehlbeck ;53,0859;10,1611;66
20;Baden-Württemberg;Abtsgmünd-Untergröningen ;48,922;9,9129;432
47;Baden-Württemberg;Ahorn-Eubigheim ;49,4997;9,5439;338
71;Baden-Württemberg;Albstadt-Badkap ;48,2156;8,9784;759
257;Baden-Württemberg;Baden-Baden-Geroldsau ;48,727;8,2458;240
259;Baden-Württemberg;Müllheim ;47,8064;7,6387;273
269;Baden-Württemberg;Baiersbronn-Mitteltal ;48,5116;8,3176;596
279;Baden-Württemberg;Baltmannsweiler-Hohengehren ;48,7573;9,4514;457
301;Baden-Württemberg;Bartholomä ;48,7584;9,9855;659
384;Baden-Württemberg;Berkheim ;48,0409;10,0808;570
498;Baden-Württemberg;Ühlingen-Birkendorf ;47,7453;8,3111;760
684;Baden-Württemberg;Breitnau ;47,9385;8,0761;1001
731;Baden-Württemberg;Bruchsal-Heidelsheim ;49,1127;8,6372;130
755;Baden-Württemberg;Buchen, Kr. Neckar-Odenwald ;49,5182;9,3213;340
757;Baden-Württemberg;Buchenbach ;47,9625;7,9983;445
931;Baden-Württemberg;Deggenhausertal-Azenweiler ;47,8007;9,4108;708
1018;Baden-Württemberg;Donaueschingen ;47,9422;8,5046;677
1089;Baden-Württemberg;Durbach-Ebersweier ;48,5017;7,9943;196
1093;Baden-Württemberg;Eberbach (LUBW) ;49,46;8,9584;131
1176;Baden-Württemberg;Eisenbach ;47,9634;8,2693;976
1197;Baden-Württemberg;Ellwangen-Rindelbach ;48,9895;10,1312;460
1214;Baden-Württemberg;Elzach-Fisnacht ;48,2012;8,1089;440
1216;Baden-Württemberg;Elztal-Rittersbach ;49,4251;9,243;312
1224;Baden-Württemberg;Emmendingen-Mundingen ;48,1378;7,8351;201
1239;Baden-Württemberg;Engen/Hegau ;47,8516;8,7673;540
1255;Baden-Württemberg;Eppingen-Elsenz ;49,1664;8,8523;220
1290;Baden-Württemberg;Eschbronn-Mariazell ;48,1868;8,4672;714
1346;Baden-Württemberg;Feldberg/Schwarzwald ;47,8749;8,0038;1490
1443;Baden-Württemberg;Freiburg ;48,0233;7,8344;236
1468;Baden-Württemberg;Freudenstadt ;48,4537;8,4091;797
1584;Baden-Württemberg;Geisingen ;47,9242;8,6473;672
1602;Baden-Württemberg;Ohlsbach ;48,4329;7,9931;176
1711;Baden-Württemberg;Gottmadingen ;47,7344;8,7932;438
1937;Baden-Württemberg;Haigerloch-Weildorf ;48,3705;8,7666;524
2050;Baden-Württemberg;Haslach im Kinzigtal ;48,2766;8,0842;220
2072;Baden-Württemberg;Hayingen ;48,2738;9,4745;665
2074;Baden-Württemberg;Hechingen ;48,3751;8,9801;522
2080;Baden-Württemberg;Heidelberg ;49,4206;8,6676;110
2088;Baden-Württemberg;Heidenheim/Brenz ;48,6765;10,1307;498
2159;Baden-Württemberg;Herrenberg ;48,5915;8,8541;430
2292;Baden-Württemberg;Hohenstein-Bernloch ;48,3551;9,3356;740
2388;Baden-Württemberg;Ihringen ;48,0419;7,6322;193
2485;Baden-Württemberg;Kaisersbach-Cronhütte ;48,9171;9,6872;489
2546;Baden-Württemberg;Kehl-Odelshofen ;48,5576;7,88;141
2575;Baden-Württemberg;Kirchberg/Jagst-Herboldshausen ;49,1804;9,98;426
2638;Baden-Württemberg;Klippeneck ;48,1054;8,7549;973
2712;Baden-Württemberg;Konstanz ;47,6774;9,1901;443
2787;Baden-Württemberg;Kupferzell-Rechbach ;49,2428;9,6786;354
2812;Baden-Württemberg;Lahr ;48,3647;7,828;155
2814;Baden-Württemberg;Merklingen ;48,5121;9,7645;685
2850;Baden-Württemberg;Langenenslingen-Ittenhausen ;48,1994;9,3327;777
2880;Baden-Württemberg;Lauda-Königshofen-Heckfeld ;49,5522;9,6345;324
2953;Baden-Württemberg;Lenzkirch-Ruhbühl ;47,8597;8,2308;852
2996;Baden-Württemberg;Liebenzell, Bad (LUBW) ;48,7726;8,7287;352
3247;Baden-Württemberg;Mengen-Ennetach ;48,0557;9,3185;567
3257;Baden-Württemberg;Mergentheim, Bad-Neunkirchen ;49,4773;9,7622;250
3268;Baden-Württemberg;Meßstetten-Appental ;48,1694;8,9433;900
3278;Baden-Württemberg;Metzingen ;48,5376;9,2733;355
3362;Baden-Württemberg;Mühlacker ;48,9721;8,8734;244
3402;Baden-Württemberg;Münsingen-Apfelstetten ;48,3851;9,4837;750
3418;Baden-Württemberg;Ehingen-Kirchen ;48,2754;9,6355;594
3432;Baden-Württemberg;Nagold ;48,5667;8,7184;380
3440;Baden-Württemberg;Nattheim-Fleinheim ;48,7071;10,2997;530
3448;Baden-Württemberg;Neckargemünd-Kleingemünd ;49,3945;8,8046;117
3519;Baden-Württemberg;Neuhausen ob Eck-Unterschwandorf ;47,9519;8,9932;663
3690;Baden-Württemberg;Oberharmersbach ;48,3862;8,1426;372
3704;Baden-Württemberg;Oberndorf/Neckar ;48,2851;8,5754;516
3733;Baden-Württemberg;Oberstenfeld-Prevorst ;49,0495;9,3923;468
3734;Baden-Württemberg;Obersulm-Willsbach ;49,128;9,3525;230
3761;Baden-Württemberg;Öhringen ;49,207;9,5175;276
3802;Baden-Württemberg;Oppenau ;48,4765;8,1624;315
3925;Baden-Württemberg;Pforzheim-Ispringen ;48,9329;8,6973;333
3927;Baden-Württemberg;Pfullendorf ;47,9344;9,2869;630
4094;Baden-Württemberg;Weingarten, Kr. Ravensburg ;47,8062;9,6206;440
4160;Baden-Württemberg;Renningen-Ihinger Hof ;48,7425;8,924;478
4169;Baden-Württemberg;Rheinau-Memprechtshofen ;48,6703;7,9939;131
4175;Baden-Württemberg;Rheinfelden ;47,559;7,7721;282
4177;Baden-Württemberg;Rheinstetten ;48,9726;8,3301;116
4189;Baden-Württemberg;Altheim, Kreis Biberach ;48,1479;9,4596;533
4211;Baden-Württemberg;Rippoldsau, Bad ;48,4245;8,3303;493
4294;Baden-Württemberg;Rottenburg-Kiebingen ;48,4704;8,9687;360
4300;Baden-Württemberg;Rottweil ;48,1814;8,6356;588
4315;Baden-Württemberg;Baiersbronn-Ruhestein ;48,5615;8,2229;916
4349;Baden-Württemberg;Sachsenheim ;48,9569;9,071;248
4351;Baden-Württemberg;Säckingen, Bad (Bergseestr.) ;47,5582;7,9773;295
4623;Baden-Württemberg;Schwenningen, Kreis Sigmaringen ;48,1043;8,9958;835
4655;Baden-Württemberg;Seewald-Besenfeld ;48,6;8,4333;804
4703;Baden-Württemberg;Sigmaringen-Laiz ;48,0719;9,1942;580
4710;Baden-Württemberg;Simmersfeld ;48,619;8,5244;720
4712;Baden-Württemberg;Simonswald-Obersimonswald ;48,0821;8,0919;419
4881;Baden-Württemberg;Stockach ;47,8591;9,0152;532
4887;Baden-Württemberg;Stötten ;48,6657;9,8646;734
4926;Baden-Württemberg;Stuttgart (Neckartal) ;48,7896;9,2167;224
4928;Baden-Württemberg;Stuttgart (Schnarrenberg) ;48,8282;9,2;314
4931;Baden-Württemberg;Stuttgart-Echterdingen ;48,6883;9,2235;371
5059;Baden-Württemberg;Todtmoos ;47,728;7,9988;781
5155;Baden-Württemberg;Ulm ;48,3837;9,9524;567
5206;Baden-Württemberg;Vellberg-Kleinaltdorf ;49,1175;9,8972;396
5229;Baden-Württemberg;Villingen-Schwenningen ;48,0453;8,4608;720
5275;Baden-Württemberg;Waghäusel-Kirrlach ;49,2445;8,5374;105
5435;Baden-Württemberg;Weissach ;48,8457;8,9073;455
5453;Baden-Württemberg;Weisweil-Waldeckhof ;48,188;7,6977;173
5511;Baden-Württemberg;Westerheim ;48,5206;9,6187;823
5559;Baden-Württemberg;Wildbad, Bad-Calmbach ;48,7848;8,5764;385
5562;Baden-Württemberg;Neubulach-Oberhaugstett ;48,6516;8,6801;570
5664;Baden-Württemberg;Wolfach ;48,2953;8,2391;291
5688;Baden-Württemberg;Dachsberg-Wolpadingen ;47,7003;8,1057;880
5711;Baden-Württemberg;Wüstenrot-Oberheimbach ;49,1296;9,4945;392
5724;Baden-Württemberg;Rot an der Rot-Buch ;47,9589;10,0139;690
5731;Baden-Württemberg;Wutöschingen-Ofteringen ;47,6783;8,3801;398
5906;Baden-Württemberg;Mannheim ;49,5062;8,5585;98
6258;Baden-Württemberg;Friedrichshafen-Unterraderach ;47,6845;9,4409;459
6259;Baden-Württemberg;Großerlach-Mannenweiler ;49,021;9,6032;523
6260;Baden-Württemberg;Ingelfingen-Stachenhausen ;49,3328;9,704;385
6262;Baden-Württemberg;Schwäbisch Gmünd-Weiler ;48,7695;9,8737;413
6263;Baden-Württemberg;Singen ;47,7738;8,8219;445
6275;Baden-Württemberg;Notzingen ;48,6705;9,4627;325
7104;Baden-Württemberg;Königheim ;49,6208;9,6033;225
7135;Baden-Württemberg;Aulendorf-Haslach ;47,9655;9,6804;565
7138;Baden-Württemberg;Burladingen-Hausen ;48,2962;9,0701;682
7187;Baden-Württemberg;Freudenberg/Main-Boxtal ;49,7636;9,4063;193
7322;Baden-Württemberg;Malsburg-Marzell ;47,766;7,7215;700
7331;Baden-Württemberg;Hermaringen-Allewind ;48,6099;10,2674;468
7382;Baden-Württemberg;Wangen/Allgäu-Schwaderberg ;47,7095;9,8659;666
7403;Baden-Württemberg;Leutkirch-Herlazhofen ;47,7955;10,0324;672
7429;Baden-Württemberg;Seckach ;49,425;9,3314;334
13672;Baden-Württemberg;Weidenstetten ;48,5537;9,9877;593
13674;Baden-Württemberg;Waibstadt ;49,2942;8,9054;237
13698;Baden-Württemberg;Lauchheim (Berghof) ;48,8767;10,2414;503
13715;Baden-Württemberg;Biberach an der Riß-Bergerhausen ;48,1003;9,8058;604
13716;Baden-Württemberg;Blumberg-Randen ;47,819;8,5774;818
13965;Baden-Württemberg;Balingen-Bronnhaupten ;48,2639;8,8134;619
15444;Baden-Württemberg;Ulm-Mähringen ;48,4418;9,9216;593
15478;Baden-Württemberg;Dietenheim ;48,2094;10,0655;514
15514;Baden-Württemberg;Heidelberg-Kurpfalzhof ;49,3766;8,6177;104
15810;Baden-Württemberg;Aulendorf-Blönried ;47,9261;9,5926;566
150;Rheinland-Pfalz;Alzey ;49,7273;8,1164;215
161;Rheinland-Pfalz;Andernach ;50,4237;7,4202;75
200;Rheinland-Pfalz;Lauperath-Scheidchen ;50,085;6,3161;517
316;Rheinland-Pfalz;Bayerfeld-Steckweiler -Schmalfelderhof ;49,6957;7,8387;310
348;Rheinland-Pfalz;Bendorf ;50,4135;7,5886;127
377;Rheinland-Pfalz;Bergzabern, Bad ;49,107;7,9967;210
450;Rheinland-Pfalz;Bernkastel-Kues ;49,9186;7,0664;120
523;Rheinland-Pfalz;Bitburg ;49,9797;6,5325;359
535;Rheinland-Pfalz;Blankenrath ;50,0372;7,3079;417
723;Rheinland-Pfalz;Kail ;50,1841;7,24;290
942;Rheinland-Pfalz;Densborn ;50,122;6,599;308
953;Rheinland-Pfalz;Deuselbach ;49,7619;7,0541;481
978;Rheinland-Pfalz;Holzheim bei Diez ;50,3574;8,0485;155
1072;Rheinland-Pfalz;Dürkheim, Bad ;49,4719;8,1929;107
1559;Rheinland-Pfalz;Gebhardshain ;50,7421;7,8163;402
1598;Rheinland-Pfalz;Oberbachheim ;50,248;7,7456;328
1650;Rheinland-Pfalz;Henschtal ;49,4648;7,4111;250
1870;Rheinland-Pfalz;Grünstadt ;49,5665;8,178;160
1964;Rheinland-Pfalz;Olsdorf ;49,9445;6,3821;328
2167;Rheinland-Pfalz;Niederwörresbach ;49,7672;7,3356;302
2170;Rheinland-Pfalz;Weißenseifen ;50,1499;6,5527;526
2211;Rheinland-Pfalz;Hilgenroth ;50,7371;7,6528;295
2213;Rheinland-Pfalz;Lissendorf ;50,3105;6,6236;407
2236;Rheinland-Pfalz;Hirschthal ;49,049;7,756;205
2362;Rheinland-Pfalz;Hümmerich ;50,5651;7,4843;328
2486;Rheinland-Pfalz;Kaiserslautern ;49,4262;7,7557;271
2595;Rheinland-Pfalz;Kirn ;49,789;7,4853;181
3024;Rheinland-Pfalz;Lingerhahn (WWV RLP) ;50,094;7,5675;485
3137;Rheinland-Pfalz;Mainz-Lerchenberg (ZDF) ;49,9656;8,2139;195
3155;Rheinland-Pfalz;Manderscheid-Sonnenhof ;50,1015;6,8009;413
3167;Rheinland-Pfalz;Marienberg, Bad ;50,662;7,9602;547
3340;Rheinland-Pfalz;Montabaur ;50,4383;7,8061;265
3490;Rheinland-Pfalz;Neuenahr, Bad-Ahrweiler ;50,5346;7,0853;111
3584;Rheinland-Pfalz;Newel ;49,8135;6,5858;365
3602;Rheinland-Pfalz;Oberstadtfeld ;50,1749;6,77;421
3660;Rheinland-Pfalz;Nürburg-Barweiler ;50,3601;6,8697;485
3939;Rheinland-Pfalz;Pirmasens ;49,1912;7,5879;385
3969;Rheinland-Pfalz;Polch, Kr. Mayen-Koblenz ;50,3051;7,3108;235
4017;Rheinland-Pfalz;Prüm-Watzerath ;50,1807;6,3509;386
4167;Rheinland-Pfalz;Rhaunen ;49,8633;7,3378;370
4219;Rheinland-Pfalz;Rodder ;50,3965;6,8568;512
4301;Rheinland-Pfalz;Kreuznach, Bad ;49,8502;7,871;102
4310;Rheinland-Pfalz;Rülzheim ;49,1609;8,3009;105
4323;Rheinland-Pfalz;Ruppertsecken ;49,6468;7,8837;461
4508;Rheinland-Pfalz;Schneifelforsthaus ;50,2968;6,4194;649
4709;Rheinland-Pfalz;Simmern-Wahlbach ;49,9996;7,5981;445
5099;Rheinland-Pfalz;Trier-Zewen ;49,7326;6,6131;132
5100;Rheinland-Pfalz;Trier-Petrisberg ;49,7479;6,6582;265
5103;Rheinland-Pfalz;Trippstadt-Neuhof ;49,3544;7,7948;348
5426;Rheinland-Pfalz;Weinbiet ;49,3758;8,1213;553
5616;Rheinland-Pfalz;Winterspelt ;50,2282;6,2071;426
5625;Rheinland-Pfalz;Wissen/Sieg-Honigsessen (WWV RLP) ;50,8202;7,7419;320
5635;Rheinland-Pfalz;Wittlich ;49,9617;6,9287;147
5692;Rheinland-Pfalz;Worms ;49,6051;8,3659;88
5758;Rheinland-Pfalz;Zemmer (Forsthaus Mülchen) ;49,8709;6,7074;293
5871;Rheinland-Pfalz;Hahn ;49,9462;7,2645;497
6100;Rheinland-Pfalz;Hahnheim ;49,8626;8,2311;120
6186;Rheinland-Pfalz;Nastätten ;50,1989;7,8651;268
7375;Rheinland-Pfalz;Homberg-Schönbornerhof ;49,645;7,5003;411
7499;Rheinland-Pfalz;Wallmenroth ;50,7893;7,828;172
460;Saarland;Berus ;49,264;6,6868;363
2331;Saarland;Homburg/Saar ;49,3278;7,3533;235
3263;Saarland;Merzig ;49,4566;6,6266;171
3545;Saarland;Neunkirchen-Wellesweiler ;49,344;7,2297;236
3625;Saarland;Nohfelden-Gonnesweiler ;49,5568;7,0716;403
3904;Saarland;Perl-Nennig ;49,5354;6,3789;152
4336;Saarland;Saarbrücken-Ensheim ;49,2128;7,1077;320
4490;Saarland;Schmelz-Hüttersdorf ;49,4149;6,836;223
5029;Saarland;Tholey ;49,4738;7,0386;386
5433;Saarland;Weiskirchen/Saar ;49,5534;6,812;380
6217;Saarland;Saarbrücken-Burbach ;49,2406;6,9351;190
131;Sachsen;Geringswalde-Altgeringswalde ;51,0881;12,9326;296
222;Sachsen;Aue ;50,5907;12,714;387
314;Sachsen;Kubschütz, Kr. Bautzen ;51,1604;14,5042;232
551;Sachsen;Weischlitz-Heinersgrün ;50,3887;11,9955;517
633;Sachsen;Boxberg ;51,4041;14,5682;125
721;Sachsen;Schönwölkau-Brinnis ;51,5168;12,4356;101
840;Sachsen;Carlsfeld ;50,4313;12,6114;897
853;Sachsen;Chemnitz ;50,7913;12,872;418
991;Sachsen;Dippoldiswalde-Reinberg ;50,9117;13,7087;365
1048;Sachsen;Dresden-Klotzsche ;51,128;13,7543;227
1050;Sachsen;Dresden-Hosterwitz ;51,0221;13,847;114
1051;Sachsen;Dresden-Strehlen ;51,0248;13,775;120
1166;Sachsen;Eilenburg ;51,4601;12,6692;105
1207;Sachsen;Elster, Bad-Sohl ;50,2705;12,2742;560
1282;Sachsen;Erlbach-Eubabrunn ;50,3042;12,3834;565
1358;Sachsen;Fichtelberg ;50,4283;12,9535;1213
1441;Sachsen;Freiberg ;50,9263;13,2711;416
1684;Sachsen;Görlitz ;51,1622;14,9506;238
1848;Sachsen;Markranstädt-Großlehna ;51,309;12,1718;118
2252;Sachsen;Bertsdorf-Hörnitz ;50,899;14,7457;270
2372;Sachsen;Stützengrün-Hundshübel ;50,5466;12,5706;604
2641;Sachsen;Klitzschen bei Torgau ;51,5185;12,9065;85
2928;Sachsen;Leipzig-Holzhausen ;51,3151;12,4462;138
2932;Sachsen;Leipzig/Halle ;51,4348;12,2396;131
2958;Sachsen;Ostritz ;51,0266;14,9356;213
2985;Sachsen;Lichtenhain-Mittelndorf ;50,9383;14,2093;321
3094;Sachsen;Schönteichen-Cunnersdorf ;51,3122;14,0499;166
3166;Sachsen;Marienberg ;50,651;13,1469;639
3175;Sachsen;Raschau ;50,5219;12,8282;504
3234;Sachsen;Garsebach bei Meißen ;51,1294;13,4327;157
3426;Sachsen;Muskau, Bad ;51,566;14,7009;125
3740;Sachsen;Lohmen/Sachsen ;50,9933;13,9808;195
3811;Sachsen;Oschatz ;51,296;13,0928;150
3946;Sachsen;Plauen ;50,4819;12,13;386
4023;Sachsen;Pulsnitz ;51,2007;14,0207;270
4982;Sachsen;Tannenberg ;50,6074;12,939;532
5779;Sachsen;Zinnwald-Georgenfeld ;50,7314;13,7516;877
5797;Sachsen;Lichtentanne ;50,6878;12,4329;353
5943;Sachsen;Rosenthal-Bielatal ;50,8377;14,0719;460
6129;Sachsen;Sohland/Spree ;51,0593;14,4266;290
6269;Sachsen;Klingenthal-Kamerun ;50,3594;12,4837;730
6314;Sachsen;Nossen ;51,0507;13,3003;308
7323;Sachsen;Belgershain ;51,2359;12,5517;150
7326;Sachsen;Grimma-Kleinbothen ;51,1918;12,7645;134
7327;Sachsen;Frankenberg-Altenhain ;50,8836;13,0425;326
7329;Sachsen;Treuen ;50,5467;12,2863;465
7333;Sachsen;Marienberg-Rübenau ;50,5803;13,2966;727
7334;Sachsen;Heyda bei Riesa ;51,2651;13,3589;132
7335;Sachsen;Strauch ;51,3658;13,5801;128
7337;Sachsen;Dürrhennersdorf ;51,0577;14,6128;332
7343;Sachsen;Deutschneudorf-Brüderwiese ;50,6199;13,4816;688
7393;Sachsen;Hoyerswerda ;51,4493;14,2533;116
7418;Sachsen;Sankt Egidien-Kuhschnappel ;50,802;12,6366;321
7423;Sachsen;Hähnichen-Trebus ;51,3443;14,8387;163
13654;Sachsen;Wilsdruff-Mohorn ;51,0063;13,471;288
13688;Sachsen;Pegau ;51,1693;12,2618;128
13774;Sachsen;Crimmitschau-Mannichswalde ;50,8138;12,2985;327
124;Sachsen-Anhalt;Bibra, Bad-Altenroda ;51,2388;11,577;265
213;Sachsen-Anhalt;Sargstedt ;51,9375;10,9897;170
246;Sachsen-Anhalt;Axien ;51,7015;12,8909;73
287;Sachsen-Anhalt;Walternienburg-Ronney ;51,9611;11,9159;52
445;Sachsen-Anhalt;Bernburg/Saale (Nord) ;51,8218;11,7109;84
622;Sachsen-Anhalt;Born ;52,3745;11,4655;66
630;Sachsen-Anhalt;Bottmersdorf-Klein Germersleben ;52,0194;11,4055;83
775;Sachsen-Anhalt;Osterwieck-Rimbeck ;52,0;10,6323;100
797;Sachsen-Anhalt;Burg-Blumenthal ;52,3198;11,8331;39
815;Sachsen-Anhalt;Seegebiet Mansfelder Land-Dederstedt ;51,5427;11,6948;154
874;Sachsen-Anhalt;Zielitz ;52,2994;11,6733;52
966;Sachsen-Anhalt;Diesdorf ;52,7521;10,883;65
974;Sachsen-Anhalt;Südharz-Dietersdorf ;51,5307;11,0457;440
1052;Sachsen-Anhalt;Drewitz bei Burg ;52,2174;12,1641;80
1067;Sachsen-Anhalt;Düben ;51,9265;12,3856;95
1544;Sachsen-Anhalt;Gardelegen ;52,5129;11,3941;47
1605;Sachsen-Anhalt;Genthin ;52,3875;12,1601;35
1770;Sachsen-Anhalt;Grieben ;52,4233;11,966;38
1793;Sachsen-Anhalt;Hecklingen-Groß Börnecke ;51,8806;11,465;104
1847;Sachsen-Anhalt;Weißenfels-Wengelsdorf ;51,2743;12,0517;92
1957;Sachsen-Anhalt;Halle-Kröllwitz ;51,5138;11,9499;93
2044;Sachsen-Anhalt;Harzgerode ;51,652;11,1367;404
2662;Sachsen-Anhalt;Köckte ;52,5233;11,1289;59
2673;Sachsen-Anhalt;Königsborn ;52,133;11,7757;52
2704;Sachsen-Anhalt;Köthen (Anhalt) ;51,7511;12,0094;76
2878;Sachsen-Anhalt;Lauchstädt, Bad ;51,391;11,8788;118
3126;Sachsen-Anhalt;Magdeburg ;52,1029;11,5827;76
3226;Sachsen-Anhalt;Aschersleben-Mehringen ;51,7259;11,5109;107
3445;Sachsen-Anhalt;Naundorf bei Seyda ;51,9245;12,8888;100
3821;Sachsen-Anhalt;Osterfeld ;51,0873;11,9292;246
4032;Sachsen-Anhalt;Quedlinburg ;51,7953;11,132;142
4036;Sachsen-Anhalt;Querfurt-Mühle Lodersleben ;51,3895;11,5412;204
4052;Sachsen-Anhalt;Kemberg-Radis ;51,7556;12,5103;94
4412;Sachsen-Anhalt;Schackensleben ;52,198;11,4218;95
4445;Sachsen-Anhalt;Wernigerode-Schierke ;51,7658;10,6533;609
4555;Sachsen-Anhalt;Schollene ;52,663;12,1812;29
4618;Sachsen-Anhalt;Schwarzholz ;52,747;11,9792;30
4642;Sachsen-Anhalt;Seehausen ;52,8911;11,7297;21
4878;Sachsen-Anhalt;Oberharz am Brocken-Stiege ;51,6646;10,8811;504
5158;Sachsen-Anhalt;Ummendorf ;52,1601;11,1759;162
5490;Sachsen-Anhalt;Wernigerode ;51,8454;10,7686;233
5614;Sachsen-Anhalt;Winterfeld-Sallenthin ;52,7582;11,2549;235
5629;Sachsen-Anhalt;Wittenberg ;51,8892;12,6445;105
5750;Sachsen-Anhalt;Zeitz ;51,0314;12,1495;264
5763;Sachsen-Anhalt;Freyburg/Unstrut-Zeuchfeld ;51,238;11,8296;140
5814;Sachsen-Anhalt;Mansfeld-Annarode ;51,5504;11,403;321
6266;Sachsen-Anhalt;Huy-Pabstorf ;52,0304;10,9626;112
6273;Sachsen-Anhalt;Demker ;52,5075;11,8551;36
7285;Sachsen-Anhalt;Bösdorf ;52,4153;11,0758;68
7364;Sachsen-Anhalt;Jeßnitz ;51,682;12,3042;74
7372;Sachsen-Anhalt;Ballerstedt ;52,7321;11,7124;35
7420;Sachsen-Anhalt;Naumburg/Saale-Kreipitzsch ;51,1044;11,7112;246
7500;Sachsen-Anhalt;Badewitz bei Zerbst ;52,0223;12,1597;82
791;Schleswig-Holstein;Bordelum ;54,6328;8,937;8
1130;Schleswig-Holstein;Eggebek ;54,6282;9,3649;17
1200;Schleswig-Holstein;Elpersbüttel ;54,0691;9,0105;3
1266;Schleswig-Holstein;Erfde ;54,2992;9,3162;18
1736;Schleswig-Holstein;Grambek ;53,5731;10,6797;27
1813;Schleswig-Holstein;Groß Wittensee ;54,4032;9,7654;15
1827;Schleswig-Holstein;Großenbrode ;54,3726;11,0828;3
2115;Schleswig-Holstein;Helgoland ;54,175;7,892;4
2306;Schleswig-Holstein;Hohwacht ;54,3194;10,6732;8
2429;Schleswig-Holstein;Itzehoe ;53,9897;9,5696;21
2564;Schleswig-Holstein;Kiel-Holtenau ;54,3761;10,1433;27
2734;Schleswig-Holstein;Krempel ;54,3237;9,0247;2
2907;Schleswig-Holstein;Leck ;54,7903;8,9514;7
3032;Schleswig-Holstein;List auf Sylt ;55,011;8,4125;25
3086;Schleswig-Holstein;Lübeck-Blankensee ;53,8025;10,6988;16
3217;Schleswig-Holstein;Weesby ;54,8373;9,1481;22
3897;Schleswig-Holstein;Pelzerhaken ;54,0893;10,8773;2
4039;Schleswig-Holstein;Quickborn ;53,7331;9,8776;11
4393;Schleswig-Holstein;Sankt Peter-Ording ;54,3279;8,6031;5
4405;Schleswig-Holstein;Satrup ;54,6854;9,6261;35
4466;Schleswig-Holstein;Schleswig ;54,5275;9,5487;43
4602;Schleswig-Holstein;Schwartau,Bad -Groß Parin ;53,9385;10,6983;26
4666;Schleswig-Holstein;Köhn ;54,3444;10,4581;40
4896;Schleswig-Holstein;Wagersrott ;54,6654;9,805;40
5057;Schleswig-Holstein;Haale ;54,1695;9,5559;26
5058;Schleswig-Holstein;Sprenge ;53,6893;10,3657;55
5280;Schleswig-Holstein;Wittenborn ;53,9224;10,2267;35
5516;Schleswig-Holstein;Fehmarn ;54,5284;11,0605;3
5732;Schleswig-Holstein;Wrixum/Föhr ;54,6928;8,5271;8
5930;Schleswig-Holstein;Schönhagen (Ostseebad) ;54,641;10,0238;1
6105;Schleswig-Holstein;Ostenfeld (Rendsburg) ;54,3194;9,8051;14
6163;Schleswig-Holstein;Dörnick ;54,1654;10,3519;27
7298;Schleswig-Holstein;Hattstedt ;54,5268;9,0425;5
7427;Schleswig-Holstein;Padenstedt (Pony-Park) ;54,0188;9,9255;17
13687;Schleswig-Holstein;Weddelbrook ;53,9005;9,8308;18
87;Thüringen;Alperstedt ;51,095;11,0479;158
198;Thüringen;Artern ;51,3745;11,292;164
336;Thüringen;Hörselberg-Hainich-Behringen ;51,0221;10,5148;290
379;Thüringen;Berka, Bad (Flugplatz) ;50,9074;11,2665;303
505;Thüringen;Bischhagen ;51,4268;10,0932;332
550;Thüringen;Bobeck ;50,9041;11,7985;344
753;Thüringen;Bucha ;50,87;11,5022;310
896;Thüringen;Dachwig ;51,0778;10,8619;170
962;Thüringen;Ilmtal-Dienstedt ;50,8018;11,1692;325
1270;Thüringen;Erfurt-Weimar ;50,9829;10,9608;316
1320;Thüringen;Etzleben ;51,261;11,1754;137
1411;Thüringen;Birx/Rhön ;50,5309;10,048;745
1435;Thüringen;Frauenwald ;50,5921;10,8575;768
1573;Thüringen;Geisa ;50,7134;9,9539;280
1612;Thüringen;Gera-Leumnitz ;50,8813;12,1289;311
2233;Thüringen;Hirschberg ;50,404;11,8193;446
2444;Thüringen;Jena (Sternwarte) ;50,9251;11,583;155
2541;Thüringen;Katzhütte ;50,5467;11,0317;462
2562;Thüringen;Helbedündorf-Keula ;51,334;10,529;428
2618;Thüringen;Kleiner Inselsberg ;50,8458;10,4803;732
2925;Thüringen;Leinefelde ;51,3933;10,3123;356
2992;Thüringen;Remptendorf ;50,5276;11,6604;495
3034;Thüringen;Lobenstein, Bad ;50,4505;11,635;500
3204;Thüringen;Martinroda ;50,7334;10,8815;427
3231;Thüringen;Meiningen ;50,5612;10,3771;450
3248;Thüringen;Frankenblick-Mengersgereuth-Hämmern ;50,3904;11,1324;508
3279;Thüringen;Meuselwitz ;51,0452;12,2989;173
3289;Thüringen;Schmieritz-Weltwitz ;50,7281;11,7838;355
3304;Thüringen;Freienbessingen ;51,2326;10,7693;296
3364;Thüringen;Drei Gleichen-Mühlberg ;50,8681;10,8211;286
3491;Thüringen;Judenbach-Neuenbau ;50,441;11,2401;738
3513;Thüringen;Neuhaus am Rennweg ;50,5002;11,1344;845
4135;Thüringen;Reinholterode ;51,4248;10,1898;336
4464;Thüringen;Schleiz ;50,5679;11,8041;501
4469;Thüringen;Schleusingen ;50,5071;10,762;399
4485;Thüringen;Schmalkalden, Kurort ;50,725;10,4539;296
4501;Thüringen;Schmücke ;50,6546;10,7693;937
4605;Thüringen;Schwarzburg ;50,644;11,1937;277
4748;Thüringen;Sondershausen ;51,352;10,9059;221
4997;Thüringen;Starkenberg-Tegkwitz ;50,9771;12,3419;193
5084;Thüringen;Südeichsfeld-Wendehausen ;51,1594;10,2473;290
5335;Thüringen;Waltershausen ;50,8963;10,5484;348
5395;Thüringen;Harth-Pöllnitz Neundorf ;50,7676;11,981;340
5424;Thüringen;Weimar-Schöndorf ;51,0177;11,3544;328
5484;Thüringen;Ellrich-Werna ;51,5835;10,709;240
6268;Thüringen;Uhlstädt-Kirchhasel-Niederkrossen ;50,7577;11,5178;172
6270;Thüringen;Römhild-Sülzdorf ;50,4098;10,4902;330
6271;Thüringen;Crossen/Elster-Nickelsdorf ;50,9771;12,0044;272
6272;Thüringen;Moorgrund Gräfen-Nitzendorf ;50,8426;10,2518;283
6305;Thüringen;Mühlhausen/Thüringen-Görmar ;51,2061;10,4978;193
7321;Thüringen;Olbersleben ;51,1507;11,3321;160
7328;Thüringen;Ponitz ;50,8543;12,4216;219
7368;Thüringen;Eisenach ;51,0007;10,3621;312
7419;Thüringen;Langenwetzendorf-Göttendorf ;50,661;12,0756;389
7421;Thüringen;Neuhaus-Schierschnitz ;50,325;11,2395;383
7428;Thüringen;Veilsdorf ;50,4167;10,8156;397
13711;Thüringen;Krölpa-Rockendorf ;50,6819;11,515;289
